{
    "total_runtime": 50.40701603889465,
    "rules": {
        "harmonize_metadata": {
            "mean-runtime": 36.01975440979004,
            "min-runtime": 36.01975440979004,
            "max-runtime": 36.01975440979004
        },
        "merge_studies": {
            "mean-runtime": 14.240523338317871,
            "min-runtime": 14.240523338317871,
            "max-runtime": 14.240523338317871
        },
        "merge_logs": {
            "mean-runtime": 0.12668609619140625,
            "min-runtime": 0.12668609619140625,
            "max-runtime": 0.12668609619140625
        },
        "all": {
            "mean-runtime": 0.0013213157653808594,
            "min-runtime": 0.0013213157653808594,
            "max-runtime": 0.0013213157653808594
        }
    },
    "files": {
        "/mnt/projects_tn03/AD_EB_singlecell/mk_healthy_subtype/harmonized": {
            "start-time": "Thu Feb 26 16:10:53 2026",
            "stop-time": "Thu Feb 26 16:11:29 2026",
            "duration": 36.01975440979004,
            "priority": 0,
            "resources": {
                "_cores": 1,
                "_nodes": 1,
                "tmpdir": "/tmp",
                "mem_mb": 32000,
                "mem_mib": 30518
            }
        },
        "/mnt/projects_tn03/AD_EB_singlecell/mk_healthy_subtype/merge.h5ad": {
            "start-time": "Thu Feb 26 16:11:29 2026",
            "stop-time": "Thu Feb 26 16:11:44 2026",
            "duration": 14.240523338317871,
            "priority": 0,
            "resources": {
                "_cores": 1,
                "_nodes": 1,
                "tmpdir": "/tmp",
                "mem_mb": 32000,
                "mem_mib": 30518
            }
        },
        "/mnt/projects_tn03/AD_EB_singlecell/mk_healthy_subtype/logs/merged_visualized_adult.log": {
            "start-time": "Thu Feb 26 16:11:44 2026",
            "stop-time": "Thu Feb 26 16:11:44 2026",
            "duration": 0.12668609619140625,
            "priority": 0,
            "resources": {
                "_cores": 1,
                "_nodes": 1,
                "tmpdir": "/tmp"
            }
        }
    }
}