{
    "total_runtime": 2203.0419549942017,
    "rules": {
        "find_target": {
            "mean-runtime": 112.00621461868286,
            "min-runtime": 112.00621461868286,
            "max-runtime": 112.00621461868286
        },
        "harmonize_metadata": {
            "mean-runtime": 1765.942830324173,
            "min-runtime": 1765.942830324173,
            "max-runtime": 1765.942830324173
        },
        "merge_studies": {
            "mean-runtime": 324.47433972358704,
            "min-runtime": 324.47433972358704,
            "max-runtime": 324.47433972358704
        },
        "merge_logs": {
            "mean-runtime": 0.13207679636338177,
            "min-runtime": 0.07831263542175293,
            "max-runtime": 0.20108461380004883
        },
        "all": {
            "mean-runtime": 0.0018527507781982422,
            "min-runtime": 0.0018527507781982422,
            "max-runtime": 0.0018527507781982422
        }
    },
    "files": {
        "/mnt/projects_tn03/Data_MK/article/results_dominguez/find/Dominguez_science_science-abl5197_SKM_data.h5ad": {
            "start-time": "Sun Mar  1 23:03:31 2026",
            "stop-time": "Sun Mar  1 23:05:23 2026",
            "duration": 112.00621461868286,
            "priority": 0,
            "resources": {
                "_cores": 1,
                "_nodes": 1,
                "tmpdir": "/tmp",
                "mem_mb": 32000,
                "mem_mib": 30518
            }
        },
        "/mnt/projects_tn03/Data_MK/article/results_dominguez/harmonized/.done": {
            "start-time": "Sun Mar  1 23:05:23 2026",
            "stop-time": "Sun Mar  1 23:34:49 2026",
            "duration": 1765.942830324173,
            "priority": 0,
            "resources": {
                "_cores": 1,
                "_nodes": 1,
                "tmpdir": "/tmp",
                "mem_mb": 32000,
                "mem_mib": 30518
            }
        },
        "/mnt/projects_tn03/Data_MK/article/results_dominguez/merge.h5ad": {
            "start-time": "Sun Mar  1 23:34:49 2026",
            "stop-time": "Sun Mar  1 23:40:14 2026",
            "duration": 324.47433972358704,
            "priority": 0,
            "resources": {
                "_cores": 1,
                "_nodes": 1,
                "tmpdir": "/tmp",
                "mem_mb": 32000,
                "mem_mib": 30518
            }
        },
        "/mnt/projects_tn03/Data_MK/article/results_dominguez/logs/Dominguez_science_science-abl5197_SPL_data.log": {
            "start-time": "Sun Mar  1 23:40:14 2026",
            "stop-time": "Sun Mar  1 23:40:14 2026",
            "duration": 0.16972637176513672,
            "priority": 0,
            "resources": {
                "_cores": 1,
                "_nodes": 1,
                "tmpdir": "/tmp"
            }
        },
        "/mnt/projects_tn03/Data_MK/article/results_dominguez/logs/Dominguez_science_science-abl5197_JEJEPI_data.log": {
            "start-time": "Sun Mar  1 23:40:14 2026",
            "stop-time": "Sun Mar  1 23:40:14 2026",
            "duration": 0.10997867584228516,
            "priority": 0,
            "resources": {
                "_cores": 1,
                "_nodes": 1,
                "tmpdir": "/tmp"
            }
        },
        "/mnt/projects_tn03/Data_MK/article/results_dominguez/logs/Dominguez_science_science-abl5197_JEJLP_data.log": {
            "start-time": "Sun Mar  1 23:40:14 2026",
            "stop-time": "Sun Mar  1 23:40:14 2026",
            "duration": 0.07831263542175293,
            "priority": 0,
            "resources": {
                "_cores": 1,
                "_nodes": 1,
                "tmpdir": "/tmp"
            }
        },
        "/mnt/projects_tn03/Data_MK/article/results_dominguez/logs/Dominguez_science_science-abl5197_BMA_data.log": {
            "start-time": "Sun Mar  1 23:40:14 2026",
            "stop-time": "Sun Mar  1 23:40:14 2026",
            "duration": 0.10842347145080566,
            "priority": 0,
            "resources": {
                "_cores": 1,
                "_nodes": 1,
                "tmpdir": "/tmp"
            }
        },
        "/mnt/projects_tn03/Data_MK/article/results_dominguez/logs/Dominguez_science_science-abl5197_MLN_data.log": {
            "start-time": "Sun Mar  1 23:40:14 2026",
            "stop-time": "Sun Mar  1 23:40:14 2026",
            "duration": 0.11163592338562012,
            "priority": 0,
            "resources": {
                "_cores": 1,
                "_nodes": 1,
                "tmpdir": "/tmp"
            }
        },
        "/mnt/projects_tn03/Data_MK/article/results_dominguez/logs/Dominguez_science_science-abl5197_LIV_data.log": {
            "start-time": "Sun Mar  1 23:40:14 2026",
            "stop-time": "Sun Mar  1 23:40:14 2026",
            "duration": 0.1114504337310791,
            "priority": 0,
            "resources": {
                "_cores": 1,
                "_nodes": 1,
                "tmpdir": "/tmp"
            }
        },
        "/mnt/projects_tn03/Data_MK/article/results_dominguez/logs/Dominguez_science_science-abl5197_LLN_data.log": {
            "start-time": "Sun Mar  1 23:40:14 2026",
            "stop-time": "Sun Mar  1 23:40:14 2026",
            "duration": 0.1256401538848877,
            "priority": 0,
            "resources": {
                "_cores": 1,
                "_nodes": 1,
                "tmpdir": "/tmp"
            }
        },
        "/mnt/projects_tn03/Data_MK/article/results_dominguez/logs/Dominguez_science_science-abl5197_LNG_data.log": {
            "start-time": "Sun Mar  1 23:40:14 2026",
            "stop-time": "Sun Mar  1 23:40:14 2026",
            "duration": 0.1259608268737793,
            "priority": 0,
            "resources": {
                "_cores": 1,
                "_nodes": 1,
                "tmpdir": "/tmp"
            }
        },
        "/mnt/projects_tn03/Data_MK/article/results_dominguez/logs/Dominguez_science_science-abl5197_SKM_data.log": {
            "start-time": "Sun Mar  1 23:40:14 2026",
            "stop-time": "Sun Mar  1 23:40:14 2026",
            "duration": 0.10388755798339844,
            "priority": 0,
            "resources": {
                "_cores": 1,
                "_nodes": 1,
                "tmpdir": "/tmp"
            }
        },
        "/mnt/projects_tn03/Data_MK/article/results_dominguez/logs/Dominguez_science_science-abl5197_DUO_data.log": {
            "start-time": "Sun Mar  1 23:40:14 2026",
            "stop-time": "Sun Mar  1 23:40:14 2026",
            "duration": 0.10884928703308105,
            "priority": 0,
            "resources": {
                "_cores": 1,
                "_nodes": 1,
                "tmpdir": "/tmp"
            }
        },
        "/mnt/projects_tn03/Data_MK/article/results_dominguez/logs/Dominguez_science_science-abl5197_BLD_data.log": {
            "start-time": "Sun Mar  1 23:40:14 2026",
            "stop-time": "Sun Mar  1 23:40:14 2026",
            "duration": 0.1114354133605957,
            "priority": 0,
            "resources": {
                "_cores": 1,
                "_nodes": 1,
                "tmpdir": "/tmp"
            }
        },
        "/mnt/projects_tn03/Data_MK/article/results_dominguez/logs/Dominguez_science_science-abl5197_ILE_data.log": {
            "start-time": "Sun Mar  1 23:40:14 2026",
            "stop-time": "Sun Mar  1 23:40:14 2026",
            "duration": 0.11363363265991211,
            "priority": 0,
            "resources": {
                "_cores": 1,
                "_nodes": 1,
                "tmpdir": "/tmp"
            }
        },
        "/mnt/projects_tn03/Data_MK/article/results_dominguez/logs/Dominguez_science_science-abl5197_SCL_data.log": {
            "start-time": "Sun Mar  1 23:40:14 2026",
            "stop-time": "Sun Mar  1 23:40:14 2026",
            "duration": 0.19439911842346191,
            "priority": 0,